PlayerID,PlayerName,CurrentTeam,HeadshotURL
1630173,Precious Achiuwa,Kings,https://ak-static.cms.nba.com/wp-content/uploads/headshots/nba/latest/260x190/1630173.png
203500,Steven Adams,Rockets,https://ak-static.cms.nba.com/wp-content/uploads/headshots/nba/latest/260x190/203500.png
1628389,Bam Adebayo,Heat,https://ak-static.cms.nba.com/wp-content/uploads/headshots/nba/latest/260x190/1628389.png
1630534,Ochai Agbaji,Nets,https://ak-static.cms.nba.com/wp-content/uploads/headshots/nba/latest/260x190/1630534.png
1630583,Santi Aldama,Grizzlies,https://ak-static.cms.nba.com/wp-content/uploads/headshots/nba/latest/260x190/1630583.png
1641725,Trey Alexander,Pelicans,https://ak-static.cms.nba.com/wp-content/uploads/headshots/nba/latest/260x190/1641725.png
1629638,Nickeil Alexander-Walker,Hawks,https://ak-static.cms.nba.com/wp-content/uploads/headshots/nba/latest/260x190/1629638.png
1628960,Grayson Allen,Suns,https://ak-static.cms.nba.com/wp-content/uploads/headshots/nba/latest/260x190/1628960.png
1628386,Jarrett Allen,Cavaliers,https://ak-static.cms.nba.com/wp-content/uploads/headshots/nba/latest/260x190/1628386.png
1630631,Jose Alvarado,Knicks,https://ak-static.cms.nba.com/wp-content/uploads/headshots/nba/latest/260x190/1630631.png
203937,Kyle Anderson,Timberwolves,https://ak-static.cms.nba.com/wp-content/uploads/headshots/nba/latest/260x190/203937.png
1630828,Alex Antetokounmpo,Bucks,https://ak-static.cms.nba.com/wp-content/uploads/headshots/nba/latest/260x190/1630828.png
203507,Giannis Antetokounmpo,Bucks,https://ak-static.cms.nba.com/wp-content/uploads/headshots/nba/latest/260x190/203507.png
203648,Thanasis Antetokounmpo,Bucks,https://ak-static.cms.nba.com/wp-content/uploads/headshots/nba/latest/260x190/203648.png
1630175,Cole Anthony,,https://ak-static.cms.nba.com/wp-content/uploads/headshots/nba/latest/260x190/1630175.png
1628384,OG Anunoby,Knicks,https://ak-static.cms.nba.com/wp-content/uploads/headshots/nba/latest/260x190/1628384.png
1630166,Deni Avdija,Trail Blazers,https://ak-static.cms.nba.com/wp-content/uploads/headshots/nba/latest/260x190/1630166.png
1629028,Deandre Ayton,Lakers,https://ak-static.cms.nba.com/wp-content/uploads/headshots/nba/latest/260x190/1629028.png
1628963,Marvin Bagley III,Mavericks,https://ak-static.cms.nba.com/wp-content/uploads/headshots/nba/latest/260x190/1628963.png
1642846,Ace Bailey,Jazz,https://ak-static.cms.nba.com/wp-content/uploads/headshots/nba/latest/260x190/1642846.png
1642380,Adama Bal,,https://ak-static.cms.nba.com/wp-content/uploads/headshots/nba/latest/260x190/1642380.png
1631116,Patrick Baldwin Jr.,Kings,https://ak-static.cms.nba.com/wp-content/uploads/headshots/nba/latest/260x190/1631116.png
1630163,LaMelo Ball,Hornets,https://ak-static.cms.nba.com/wp-content/uploads/headshots/nba/latest/260x190/1630163.png
1628366,Lonzo Ball,,https://ak-static.cms.nba.com/wp-content/uploads/headshots/nba/latest/260x190/1628366.png
1628964,Mo Bamba,,https://ak-static.cms.nba.com/wp-content/uploads/headshots/nba/latest/260x190/1628964.png
1631094,Paolo Banchero,Magic,https://ak-static.cms.nba.com/wp-content/uploads/headshots/nba/latest/260x190/1631094.png
1630217,Desmond Bane,Magic,https://ak-static.cms.nba.com/wp-content/uploads/headshots/nba/latest/260x190/1630217.png
1630625,Dalano Banton,Celtics,https://ak-static.cms.nba.com/wp-content/uploads/headshots/nba/latest/260x190/1630625.png
1631230,Dominick Barlow,76ers,https://ak-static.cms.nba.com/wp-content/uploads/headshots/nba/latest/260x190/1631230.png
203084,Harrison Barnes,Spurs,https://ak-static.cms.nba.com/wp-content/uploads/headshots/nba/latest/260x190/203084.png
1630567,Scottie Barnes,Raptors,https://ak-static.cms.nba.com/wp-content/uploads/headshots/nba/latest/260x190/1630567.png
1642964,Brooks Barnhizer,Thunder,https://ak-static.cms.nba.com/wp-content/uploads/headshots/nba/latest/260x190/1642964.png
1629628,RJ Barrett,Raptors,https://ak-static.cms.nba.com/wp-content/uploads/headshots/nba/latest/260x190/1629628.png
1629646,Charles Bassey,Warriors,https://ak-static.cms.nba.com/wp-content/uploads/headshots/nba/latest/260x190/1629646.png
1642419,Jamison Battle,Raptors,https://ak-static.cms.nba.com/wp-content/uploads/headshots/nba/latest/260x190/1642419.png
201587,Nicolas Batum,Clippers,https://ak-static.cms.nba.com/wp-content/uploads/headshots/nba/latest/260x190/201587.png
203078,Bradley Beal,Clippers,https://ak-static.cms.nba.com/wp-content/uploads/headshots/nba/latest/260x190/203078.png
1630699,MarJon Beauchamp,76ers,https://ak-static.cms.nba.com/wp-content/uploads/headshots/nba/latest/260x190/1630699.png
1642866,Joan Beringer,Timberwolves,https://ak-static.cms.nba.com/wp-content/uploads/headshots/nba/latest/260x190/1642866.png
1630180,Saddiq Bey,Pelicans,https://ak-static.cms.nba.com/wp-content/uploads/headshots/nba/latest/260x190/1630180.png
1629048,Goga Bitadze,Magic,https://ak-static.cms.nba.com/wp-content/uploads/headshots/nba/latest/260x190/1629048.png
202687,Bismack Biyombo,Spurs,https://ak-static.cms.nba.com/wp-content/uploads/headshots/nba/latest/260x190/202687.png
1641710,Anthony Black,Magic,https://ak-static.cms.nba.com/wp-content/uploads/headshots/nba/latest/260x190/1641710.png
1641778,Leaky Black,Wizards,https://ak-static.cms.nba.com/wp-content/uploads/headshots/nba/latest/260x190/1641778.png
1631205,Buddy Boeheim,,https://ak-static.cms.nba.com/wp-content/uploads/headshots/nba/latest/260x190/1631205.png
203992,Bogdan Bogdanović,Clippers,https://ak-static.cms.nba.com/wp-content/uploads/headshots/nba/latest/260x190/203992.png
1641737,Adem Bona,76ers,https://ak-static.cms.nba.com/wp-content/uploads/headshots/nba/latest/260x190/1641737.png
1626164,Devin Booker,Suns,https://ak-static.cms.nba.com/wp-content/uploads/headshots/nba/latest/260x190/1626164.png
1628449,Chris Boucher,,https://ak-static.cms.nba.com/wp-content/uploads/headshots/nba/latest/260x190/1628449.png
1631123,Jamaree Bouyea,Suns,https://ak-static.cms.nba.com/wp-content/uploads/headshots/nba/latest/260x190/1631123.png
1628396,Tony Bradley,Hawks,https://ak-static.cms.nba.com/wp-content/uploads/headshots/nba/latest/260x190/1628396.png
1631103,Malaki Branham,,https://ak-static.cms.nba.com/wp-content/uploads/headshots/nba/latest/260x190/1631103.png
1631128,Christian Braun,Nuggets,https://ak-static.cms.nba.com/wp-content/uploads/headshots/nba/latest/260x190/1631128.png
1642886,Koby Brea,Suns,https://ak-static.cms.nba.com/wp-content/uploads/headshots/nba/latest/260x190/1642886.png
1628969,Mikal Bridges,Knicks,https://ak-static.cms.nba.com/wp-content/uploads/headshots/nba/latest/260x190/1628969.png
1628970,Miles Bridges,Hornets,https://ak-static.cms.nba.com/wp-content/uploads/headshots/nba/latest/260x190/1628970.png
1628415,Dillon Brooks,Suns,https://ak-static.cms.nba.com/wp-content/uploads/headshots/nba/latest/260x190/1628415.png
1641780,Johni Broome,76ers,https://ak-static.cms.nba.com/wp-content/uploads/headshots/nba/latest/260x190/1641780.png
1628971,Bruce Brown,Nuggets,https://ak-static.cms.nba.com/wp-content/uploads/headshots/nba/latest/260x190/1628971.png
1642468,Darius Brown,,https://ak-static.cms.nba.com/wp-content/uploads/headshots/nba/latest/260x190/1642468.png
1627759,Jaylen Brown,Celtics,https://ak-static.cms.nba.com/wp-content/uploads/headshots/nba/latest/260x190/1627759.png
1641738,Kobe Brown,Pacers,https://ak-static.cms.nba.com/wp-content/uploads/headshots/nba/latest/260x190/1641738.png
1628973,Jalen Brunson,Knicks,https://ak-static.cms.nba.com/wp-content/uploads/headshots/nba/latest/260x190/1628973.png
1642868,Carter Bryant,Spurs,https://ak-static.cms.nba.com/wp-content/uploads/headshots/nba/latest/260x190/1642868.png
1628418,Thomas Bryant,Cavaliers,https://ak-static.cms.nba.com/wp-content/uploads/headshots/nba/latest/260x190/1628418.png
1641723,Kobe Bufkin,,https://ak-static.cms.nba.com/wp-content/uploads/headshots/nba/latest/260x190/1641723.png
1631174,Tyler Burton,,https://ak-static.cms.nba.com/wp-content/uploads/headshots/nba/latest/260x190/1631174.png
202710,Jimmy Butler III,Warriors,https://ak-static.cms.nba.com/wp-content/uploads/headshots/nba/latest/260x190/202710.png
1641824,Matas Buzelis,Bulls,https://ak-static.cms.nba.com/wp-content/uploads/headshots/nba/latest/260x190/1641824.png
1631288,Jamal Cain,Magic,https://ak-static.cms.nba.com/wp-content/uploads/headshots/nba/latest/260x190/1631288.png
203484,Kentavious Caldwell-Pope,Grizzlies,https://ak-static.cms.nba.com/wp-content/uploads/headshots/nba/latest/260x190/203484.png
1641739,Toumani Camara,Trail Blazers,https://ak-static.cms.nba.com/wp-content/uploads/headshots/nba/latest/260x190/1641739.png
203991,Clint Capela,Rockets,https://ak-static.cms.nba.com/wp-content/uploads/headshots/nba/latest/260x190/203991.png
1642928,Dylan Cardwell,Kings,https://ak-static.cms.nba.com/wp-content/uploads/headshots/nba/latest/260x190/1642928.png
1642382,Branden Carlson,Thunder,https://ak-static.cms.nba.com/wp-content/uploads/headshots/nba/latest/260x190/1642382.png
1642267,Bub Carrington,Wizards,https://ak-static.cms.nba.com/wp-content/uploads/headshots/nba/latest/260x190/1642267.png
1642269,Devin Carter,Kings,https://ak-static.cms.nba.com/wp-content/uploads/headshots/nba/latest/260x190/1642269.png
1628975,Jevon Carter,Magic,https://ak-static.cms.nba.com/wp-content/uploads/headshots/nba/latest/260x190/1628975.png
1628976,Wendell Carter Jr.,Magic,https://ak-static.cms.nba.com/wp-content/uploads/headshots/nba/latest/260x190/1628976.png
1627936,Alex Caruso,Thunder,https://ak-static.cms.nba.com/wp-content/uploads/headshots/nba/latest/260x190/1627936.png
1642264,Stephon Castle,Spurs,https://ak-static.cms.nba.com/wp-content/uploads/headshots/nba/latest/260x190/1642264.png
1630658,Colin Castleton,Magic,https://ak-static.cms.nba.com/wp-content/uploads/headshots/nba/latest/260x190/1630658.png
1630577,Julian Champagnie,Spurs,https://ak-static.cms.nba.com/wp-content/uploads/headshots/nba/latest/260x190/1630577.png
1630551,Justin Champagnie,Wizards,https://ak-static.cms.nba.com/wp-content/uploads/headshots/nba/latest/260x190/1630551.png
1631113,Kennedy Chandler,,https://ak-static.cms.nba.com/wp-content/uploads/headshots/nba/latest/260x190/1631113.png
1642353,Cam Christie,Clippers,https://ak-static.cms.nba.com/wp-content/uploads/headshots/nba/latest/260x190/1642353.png
1631108,Max Christie,Mavericks,https://ak-static.cms.nba.com/wp-content/uploads/headshots/nba/latest/260x190/1631108.png
1630619,Moussa Cisse,Mavericks,https://ak-static.cms.nba.com/wp-content/uploads/headshots/nba/latest/260x190/1630619.png
1631321,Sidy Cissoko,Trail Blazers,https://ak-static.cms.nba.com/wp-content/uploads/headshots/nba/latest/260x190/1631321.png
1641740,Jaylen Clark,Timberwolves,https://ak-static.cms.nba.com/wp-content/uploads/headshots/nba/latest/260x190/1641740.png
1629634,Brandon Clarke,Grizzlies,https://ak-static.cms.nba.com/wp-content/uploads/headshots/nba/latest/260x190/1629634.png
203903,Jordan Clarkson,Knicks,https://ak-static.cms.nba.com/wp-content/uploads/headshots/nba/latest/260x190/203903.png
1629651,Nic Claxton,Nets,https://ak-static.cms.nba.com/wp-content/uploads/headshots/nba/latest/260x190/1629651.png
1642383,Walter Clayton Jr.,Grizzlies,https://ak-static.cms.nba.com/wp-content/uploads/headshots/nba/latest/260x190/1642383.png
1642363,Nique Clifford,Kings,https://ak-static.cms.nba.com/wp-content/uploads/headshots/nba/latest/260x190/1642363.png
1642270,Donovan Clingan,Trail Blazers,https://ak-static.cms.nba.com/wp-content/uploads/headshots/nba/latest/260x190/1642270.png
1641730,Noah Clowney,Nets,https://ak-static.cms.nba.com/wp-content/uploads/headshots/nba/latest/260x190/1641730.png
1629599,Amir Coffey,Suns,https://ak-static.cms.nba.com/wp-content/uploads/headshots/nba/latest/260x190/1629599.png
1642268,Isaiah Collier,Jazz,https://ak-static.cms.nba.com/wp-content/uploads/headshots/nba/latest/260x190/1642268.png
1628381,John Collins,Clippers,https://ak-static.cms.nba.com/wp-content/uploads/headshots/nba/latest/260x190/1628381.png
1628380,Zach Collins,Bulls,https://ak-static.cms.nba.com/wp-content/uploads/headshots/nba/latest/260x190/1628380.png
201144,Mike Conley,Timberwolves,https://ak-static.cms.nba.com/wp-content/uploads/headshots/nba/latest/260x190/201144.png
1626192,Pat Connaughton,Hornets,https://ak-static.cms.nba.com/wp-content/uploads/headshots/nba/latest/260x190/1626192.png
1631451,Javonte Cooke,,https://ak-static.cms.nba.com/wp-content/uploads/headshots/nba/latest/260x190/1631451.png
1630536,Sharife Cooper,Wizards,https://ak-static.cms.nba.com/wp-content/uploads/headshots/nba/latest/260x190/1630536.png
1641731,Bilal Coulibaly,Wizards,https://ak-static.cms.nba.com/wp-content/uploads/headshots/nba/latest/260x190/1641731.png
1642907,Cedric Coward,Grizzlies,https://ak-static.cms.nba.com/wp-content/uploads/headshots/nba/latest/260x190/1642907.png
1642384,Isaiah Crawford,Rockets,https://ak-static.cms.nba.com/wp-content/uploads/headshots/nba/latest/260x190/1642384.png
1643018,LJ Cryer,Warriors,https://ak-static.cms.nba.com/wp-content/uploads/headshots/nba/latest/260x190/1643018.png
1630595,Cade Cunningham,Pistons,https://ak-static.cms.nba.com/wp-content/uploads/headshots/nba/latest/260x190/1630595.png
203552,Seth Curry,Warriors,https://ak-static.cms.nba.com/wp-content/uploads/headshots/nba/latest/260x190/203552.png
201939,Stephen Curry,Warriors,https://ak-static.cms.nba.com/wp-content/uploads/headshots/nba/latest/260x190/201939.png
1642359,Pacôme Dadiet,Knicks,https://ak-static.cms.nba.com/wp-content/uploads/headshots/nba/latest/260x190/1642359.png
1630700,Dyson Daniels,Hawks,https://ak-static.cms.nba.com/wp-content/uploads/headshots/nba/latest/260x190/1630700.png
1642368,N'Faly Dante,,https://ak-static.cms.nba.com/wp-content/uploads/headshots/nba/latest/260x190/1642368.png
203076,Anthony Davis,Wizards,https://ak-static.cms.nba.com/wp-content/uploads/headshots/nba/latest/260x190/203076.png
1631120,JD Davison,Rockets,https://ak-static.cms.nba.com/wp-content/uploads/headshots/nba/latest/260x190/1631120.png
201942,DeMar DeRozan,Kings,https://ak-static.cms.nba.com/wp-content/uploads/headshots/nba/latest/260x190/201942.png
1642484,RayJ Dennis,Hawks,https://ak-static.cms.nba.com/wp-content/uploads/headshots/nba/latest/260x190/1642484.png
1628978,Donte DiVincenzo,Timberwolves,https://ak-static.cms.nba.com/wp-content/uploads/headshots/nba/latest/260x190/1628978.png
1631217,Moussa Diabaté,Hornets,https://ak-static.cms.nba.com/wp-content/uploads/headshots/nba/latest/260x190/1631217.png
1642885,Mohamed Diawara,Knicks,https://ak-static.cms.nba.com/wp-content/uploads/headshots/nba/latest/260x190/1642885.png
1641711,Gradey Dick,Raptors,https://ak-static.cms.nba.com/wp-content/uploads/headshots/nba/latest/260x190/1641711.png
1630621,Hunter Dickinson,Pelicans,https://ak-static.cms.nba.com/wp-content/uploads/headshots/nba/latest/260x190/1630621.png
1631172,Ousmane Dieng,Bucks,https://ak-static.cms.nba.com/wp-content/uploads/headshots/nba/latest/260x190/1631172.png
1642265,Rob Dillingham,Bulls,https://ak-static.cms.nba.com/wp-content/uploads/headshots/nba/latest/260x190/1642265.png
1629029,Luka Dončić,Lakers,https://ak-static.cms.nba.com/wp-content/uploads/headshots/nba/latest/260x190/1629029.png
1629652,Luguentz Dort,Thunder,https://ak-static.cms.nba.com/wp-content/uploads/headshots/nba/latest/260x190/1629652.png
1630245,Ayo Dosunmu,Timberwolves,https://ak-static.cms.nba.com/wp-content/uploads/headshots/nba/latest/260x190/1630245.png
203083,Andre Drummond,76ers,https://ak-static.cms.nba.com/wp-content/uploads/headshots/nba/latest/260x190/203083.png
1627739,Kris Dunn,Clippers,https://ak-static.cms.nba.com/wp-content/uploads/headshots/nba/latest/260x190/1627739.png
1642346,Ryan Dunn,Suns,https://ak-static.cms.nba.com/wp-content/uploads/headshots/nba/latest/260x190/1642346.png
201142,Kevin Durant,Rockets,https://ak-static.cms.nba.com/wp-content/uploads/headshots/nba/latest/260x190/201142.png
1631105,Jalen Duren,Pistons,https://ak-static.cms.nba.com/wp-content/uploads/headshots/nba/latest/260x190/1631105.png
1642856,Egor Dëmin,Nets,https://ak-static.cms.nba.com/wp-content/uploads/headshots/nba/latest/260x190/1642856.png
1631106,Tari Eason,Rockets,https://ak-static.cms.nba.com/wp-content/uploads/headshots/nba/latest/260x190/1631106.png
1641744,Zach Edey,Grizzlies,https://ak-static.cms.nba.com/wp-content/uploads/headshots/nba/latest/260x190/1641744.png
1642845,VJ Edgecombe,76ers,https://ak-static.cms.nba.com/wp-content/uploads/headshots/nba/latest/260x190/1642845.png
1630162,Anthony Edwards,Timberwolves,https://ak-static.cms.nba.com/wp-content/uploads/headshots/nba/latest/260x190/1630162.png
1642348,Justin Edwards,76ers,https://ak-static.cms.nba.com/wp-content/uploads/headshots/nba/latest/260x190/1642348.png
1631165,Keon Ellis,Cavaliers,https://ak-static.cms.nba.com/wp-content/uploads/headshots/nba/latest/260x190/1631165.png
203954,Joel Embiid,76ers,https://ak-static.cms.nba.com/wp-content/uploads/headshots/nba/latest/260x190/203954.png
1642400,Tristan Enaruna,Cavaliers,https://ak-static.cms.nba.com/wp-content/uploads/headshots/nba/latest/260x190/1642400.png
1642855,Noa Essengue,Bulls,https://ak-static.cms.nba.com/wp-content/uploads/headshots/nba/latest/260x190/1642855.png
1630623,Tyson Etienne,Nets,https://ak-static.cms.nba.com/wp-content/uploads/headshots/nba/latest/260x190/1630623.png
1629234,Drew Eubanks,Kings,https://ak-static.cms.nba.com/wp-content/uploads/headshots/nba/latest/260x190/1629234.png
1641787,Tosan Evbuomwan,Hornets,https://ak-static.cms.nba.com/wp-content/uploads/headshots/nba/latest/260x190/1641787.png
1642847,Jeremiah Fears,Pelicans,https://ak-static.cms.nba.com/wp-content/uploads/headshots/nba/latest/260x190/1642847.png
1642271,Kyle Filipowski,Jazz,https://ak-static.cms.nba.com/wp-content/uploads/headshots/nba/latest/260x190/1642271.png
1627827,Dorian Finney-Smith,Rockets,https://ak-static.cms.nba.com/wp-content/uploads/headshots/nba/latest/260x190/1627827.png
1642843,Cooper Flagg,Mavericks,https://ak-static.cms.nba.com/wp-content/uploads/headshots/nba/latest/260x190/1642843.png
1642853,Rasheer Fleming,Suns,https://ak-static.cms.nba.com/wp-content/uploads/headshots/nba/latest/260x190/1642853.png
1642280,Trentyn Flowers,,https://ak-static.cms.nba.com/wp-content/uploads/headshots/nba/latest/260x190/1642280.png
1631323,Simone Fontecchio,Heat,https://ak-static.cms.nba.com/wp-content/uploads/headshots/nba/latest/260x190/1631323.png
1628368,De'Aaron Fox,Spurs,https://ak-static.cms.nba.com/wp-content/uploads/headshots/nba/latest/260x190/1628368.png
1642402,Enrique Freeman,Timberwolves,https://ak-static.cms.nba.com/wp-content/uploads/headshots/nba/latest/260x190/1642402.png
1628365,Markelle Fultz,,https://ak-static.cms.nba.com/wp-content/uploads/headshots/nba/latest/260x190/1628365.png
1642277,Johnny Furphy,Pacers,https://ak-static.cms.nba.com/wp-content/uploads/headshots/nba/latest/260x190/1642277.png
1629655,Daniel Gafford,Mavericks,https://ak-static.cms.nba.com/wp-content/uploads/headshots/nba/latest/260x190/1629655.png
1643158,Andersson Garcia,,https://ak-static.cms.nba.com/wp-content/uploads/headshots/nba/latest/260x190/1643158.png
1642066,Myron Gardner,Heat,https://ak-static.cms.nba.com/wp-content/uploads/headshots/nba/latest/260x190/1642066.png
1629636,Darius Garland,Clippers,https://ak-static.cms.nba.com/wp-content/uploads/headshots/nba/latest/260x190/1629636.png
1630568,Luka Garza,Celtics,https://ak-static.cms.nba.com/wp-content/uploads/headshots/nba/latest/260x190/1630568.png
1641718,Keyonte George,Jazz,https://ak-static.cms.nba.com/wp-content/uploads/headshots/nba/latest/260x190/1641718.png
1642273,Kyshawn George,Wizards,https://ak-static.cms.nba.com/wp-content/uploads/headshots/nba/latest/260x190/1642273.png
202331,Paul George,76ers,https://ak-static.cms.nba.com/wp-content/uploads/headshots/nba/latest/260x190/202331.png
201959,Taj Gibson,Grizzlies,https://ak-static.cms.nba.com/wp-content/uploads/headshots/nba/latest/260x190/201959.png
1630581,Josh Giddey,Bulls,https://ak-static.cms.nba.com/wp-content/uploads/headshots/nba/latest/260x190/1630581.png
1642933,Keshon Gilbert,Hawks,https://ak-static.cms.nba.com/wp-content/uploads/headshots/nba/latest/260x190/1642933.png
1628983,Shai Gilgeous-Alexander,Thunder,https://ak-static.cms.nba.com/wp-content/uploads/headshots/nba/latest/260x190/1628983.png
1630264,Anthony Gill,Wizards,https://ak-static.cms.nba.com/wp-content/uploads/headshots/nba/latest/260x190/1630264.png
1631221,Collin Gillespie,Suns,https://ak-static.cms.nba.com/wp-content/uploads/headshots/nba/latest/260x190/1631221.png
203497,Rudy Gobert,Timberwolves,https://ak-static.cms.nba.com/wp-content/uploads/headshots/nba/latest/260x190/203497.png
1642884,Vladislav Goldin,Heat,https://ak-static.cms.nba.com/wp-content/uploads/headshots/nba/latest/260x190/1642884.png
1642864,Hugo González,Celtics,https://ak-static.cms.nba.com/wp-content/uploads/headshots/nba/latest/260x190/1642864.png
1630692,Jordan Goodwin,Suns,https://ak-static.cms.nba.com/wp-content/uploads/headshots/nba/latest/260x190/1630692.png
203932,Aaron Gordon,Nuggets,https://ak-static.cms.nba.com/wp-content/uploads/headshots/nba/latest/260x190/203932.png
201569,Eric Gordon,,https://ak-static.cms.nba.com/wp-content/uploads/headshots/nba/latest/260x190/201569.png
203924,Jerami Grant,Trail Blazers,https://ak-static.cms.nba.com/wp-content/uploads/headshots/nba/latest/260x190/203924.png
1643060,Hayden Gray,Jazz,https://ak-static.cms.nba.com/wp-content/uploads/headshots/nba/latest/260x190/1643060.png
1631260,AJ Green,Bucks,https://ak-static.cms.nba.com/wp-content/uploads/headshots/nba/latest/260x190/1631260.png
203110,Draymond Green,Warriors,https://ak-static.cms.nba.com/wp-content/uploads/headshots/nba/latest/260x190/203110.png
1630224,Jalen Green,Suns,https://ak-static.cms.nba.com/wp-content/uploads/headshots/nba/latest/260x190/1630224.png
1629750,Javonte Green,Pistons,https://ak-static.cms.nba.com/wp-content/uploads/headshots/nba/latest/260x190/1629750.png
201145,Jeff Green,Rockets,https://ak-static.cms.nba.com/wp-content/uploads/headshots/nba/latest/260x190/201145.png
1630182,Josh Green,Hornets,https://ak-static.cms.nba.com/wp-content/uploads/headshots/nba/latest/260x190/1630182.png
1629656,Quentin Grimes,76ers,https://ak-static.cms.nba.com/wp-content/uploads/headshots/nba/latest/260x190/1629656.png
1631338,Mouhamadou Gueye,Bulls,https://ak-static.cms.nba.com/wp-content/uploads/headshots/nba/latest/260x190/1631338.png
1631243,Mouhamed Gueye,Hawks,https://ak-static.cms.nba.com/wp-content/uploads/headshots/nba/latest/260x190/1631243.png
1629060,Rui Hachimura,Lakers,https://ak-static.cms.nba.com/wp-content/uploads/headshots/nba/latest/260x190/1629060.png
1630169,Tyrese Haliburton,Pacers,https://ak-static.cms.nba.com/wp-content/uploads/headshots/nba/latest/260x190/1630169.png
1641790,PJ Hall,Hornets,https://ak-static.cms.nba.com/wp-content/uploads/headshots/nba/latest/260x190/1641790.png
203501,Tim Hardaway Jr.,Nuggets,https://ak-static.cms.nba.com/wp-content/uploads/headshots/nba/latest/260x190/203501.png
201935,James Harden,Cavaliers,https://ak-static.cms.nba.com/wp-content/uploads/headshots/nba/latest/260x190/201935.png
1630702,Jaden Hardy,Wizards,https://ak-static.cms.nba.com/wp-content/uploads/headshots/nba/latest/260x190/1630702.png
1641989,Elijah Harkless,Jazz,https://ak-static.cms.nba.com/wp-content/uploads/headshots/nba/latest/260x190/1641989.png
1642844,Dylan Harper,Spurs,https://ak-static.cms.nba.com/wp-content/uploads/headshots/nba/latest/260x190/1642844.png
1631199,Ron Harper Jr.,Celtics,https://ak-static.cms.nba.com/wp-content/uploads/headshots/nba/latest/260x190/1631199.png
203914,Gary Harris,Bucks,https://ak-static.cms.nba.com/wp-content/uploads/headshots/nba/latest/260x190/203914.png
202699,Tobias Harris,Pistons,https://ak-static.cms.nba.com/wp-content/uploads/headshots/nba/latest/260x190/202699.png
1628404,Josh Hart,Knicks,https://ak-static.cms.nba.com/wp-content/uploads/headshots/nba/latest/260x190/1628404.png
1628392,Isaiah Hartenstein,Thunder,https://ak-static.cms.nba.com/wp-content/uploads/headshots/nba/latest/260x190/1628392.png
1630573,Sam Hauser,Celtics,https://ak-static.cms.nba.com/wp-content/uploads/headshots/nba/latest/260x190/1630573.png
1641722,Jordan Hawkins,Pelicans,https://ak-static.cms.nba.com/wp-content/uploads/headshots/nba/latest/260x190/1641722.png
1629637,Jaxson Hayes,Lakers,https://ak-static.cms.nba.com/wp-content/uploads/headshots/nba/latest/260x190/1629637.png
1630165,Killian Hayes,Kings,https://ak-static.cms.nba.com/wp-content/uploads/headshots/nba/latest/260x190/1630165.png
1628502,Nigel Hayes-Davis,,https://ak-static.cms.nba.com/wp-content/uploads/headshots/nba/latest/260x190/1628502.png
1630703,Scoot Henderson,Trail Blazers,https://ak-static.cms.nba.com/wp-content/uploads/headshots/nba/latest/260x190/1630703.png
1641707,Taylor Hendricks,Grizzlies,https://ak-static.cms.nba.com/wp-content/uploads/headshots/nba/latest/260x190/1641707.png
1642935,Chucky Hepburn,Raptors,https://ak-static.cms.nba.com/wp-content/uploads/headshots/nba/latest/260x190/1642935.png
1629639,Tyler Herro,Heat,https://ak-static.cms.nba.com/wp-content/uploads/headshots/nba/latest/260x190/1629639.png
1627741,Buddy Hield,Hawks,https://ak-static.cms.nba.com/wp-content/uploads/headshots/nba/latest/260x190/1627741.png
1629312,Haywood Highsmith,Suns,https://ak-static.cms.nba.com/wp-content/uploads/headshots/nba/latest/260x190/1629312.png
1642396,Blake Hinson,Jazz,https://ak-static.cms.nba.com/wp-content/uploads/headshots/nba/latest/260x190/1642396.png
1628988,Aaron Holiday,Rockets,https://ak-static.cms.nba.com/wp-content/uploads/headshots/nba/latest/260x190/1628988.png
201950,Jrue Holiday,Trail Blazers,https://ak-static.cms.nba.com/wp-content/uploads/headshots/nba/latest/260x190/201950.png
1641842,Ronald Holland II,Pistons,https://ak-static.cms.nba.com/wp-content/uploads/headshots/nba/latest/260x190/1641842.png
1641747,DaRon Holmes II,Nuggets,https://ak-static.cms.nba.com/wp-content/uploads/headshots/nba/latest/260x190/1641747.png
1631096,Chet Holmgren,Thunder,https://ak-static.cms.nba.com/wp-content/uploads/headshots/nba/latest/260x190/1631096.png
201143,Al Horford,Warriors,https://ak-static.cms.nba.com/wp-content/uploads/headshots/nba/latest/260x190/201143.png
1631216,Caleb Houstan,,https://ak-static.cms.nba.com/wp-content/uploads/headshots/nba/latest/260x190/1631216.png
1641724,Jett Howard,Magic,https://ak-static.cms.nba.com/wp-content/uploads/headshots/nba/latest/260x190/1641724.png
1628989,Kevin Huerter,Pistons,https://ak-static.cms.nba.com/wp-content/uploads/headshots/nba/latest/260x190/1628989.png
1630643,Jay Huff,Pacers,https://ak-static.cms.nba.com/wp-content/uploads/headshots/nba/latest/260x190/1630643.png
1630574,Ariel Hukporti,Knicks,https://ak-static.cms.nba.com/wp-content/uploads/headshots/nba/latest/260x190/1630574.png
1629631,De'Andre Hunter,Kings,https://ak-static.cms.nba.com/wp-content/uploads/headshots/nba/latest/260x190/1629631.png
1643047,CJ Huntley,Suns,https://ak-static.cms.nba.com/wp-content/uploads/headshots/nba/latest/260x190/1643047.png
1630538,Bones Hyland,Timberwolves,https://ak-static.cms.nba.com/wp-content/uploads/headshots/nba/latest/260x190/1630538.png
1642345,Oso Ighodaro,Suns,https://ak-static.cms.nba.com/wp-content/uploads/headshots/nba/latest/260x190/1642345.png
204060,Joe Ingles,Timberwolves,https://ak-static.cms.nba.com/wp-content/uploads/headshots/nba/latest/260x190/204060.png
1627742,Brandon Ingram,Raptors,https://ak-static.cms.nba.com/wp-content/uploads/headshots/nba/latest/260x190/1627742.png
1631127,Harrison Ingram,Spurs,https://ak-static.cms.nba.com/wp-content/uploads/headshots/nba/latest/260x190/1631127.png
202681,Kyrie Irving,Mavericks,https://ak-static.cms.nba.com/wp-content/uploads/headshots/nba/latest/260x190/202681.png
1628371,Jonathan Isaac,Magic,https://ak-static.cms.nba.com/wp-content/uploads/headshots/nba/latest/260x190/1628371.png
1631093,Jaden Ivey,,https://ak-static.cms.nba.com/wp-content/uploads/headshots/nba/latest/260x190/1631093.png
1641713,GG Jackson,Grizzlies,https://ak-static.cms.nba.com/wp-content/uploads/headshots/nba/latest/260x190/1641713.png
1630543,Isaiah Jackson,Clippers,https://ak-static.cms.nba.com/wp-content/uploads/headshots/nba/latest/260x190/1630543.png
1631245,Quenton Jackson,Pacers,https://ak-static.cms.nba.com/wp-content/uploads/headshots/nba/latest/260x190/1631245.png
1641748,Andre Jackson Jr.,Bucks,https://ak-static.cms.nba.com/wp-content/uploads/headshots/nba/latest/260x190/1641748.png
1628991,Jaren Jackson Jr.,Jazz,https://ak-static.cms.nba.com/wp-content/uploads/headshots/nba/latest/260x190/1628991.png
1631218,Trayce Jackson-Davis,Raptors,https://ak-static.cms.nba.com/wp-content/uploads/headshots/nba/latest/260x190/1631218.png
1642857,Kasparas Jakučionis,Heat,https://ak-static.cms.nba.com/wp-content/uploads/headshots/nba/latest/260x190/1642857.png
1642355,Bronny James,Lakers,https://ak-static.cms.nba.com/wp-content/uploads/headshots/nba/latest/260x190/1642355.png
2544,LeBron James,Lakers,https://ak-static.cms.nba.com/wp-content/uploads/headshots/nba/latest/260x190/2544.png
1642883,Sion James,Hornets,https://ak-static.cms.nba.com/wp-content/uploads/headshots/nba/latest/260x190/1642883.png
1631170,Jaime Jaquez Jr.,Heat,https://ak-static.cms.nba.com/wp-content/uploads/headshots/nba/latest/260x190/1631170.png
1630610,DeJon Jarreau,,https://ak-static.cms.nba.com/wp-content/uploads/headshots/nba/latest/260x190/1630610.png
1629610,DaQuan Jeffries,,https://ak-static.cms.nba.com/wp-content/uploads/headshots/nba/latest/260x190/1629610.png
1641998,Trey Jemison III,Knicks,https://ak-static.cms.nba.com/wp-content/uploads/headshots/nba/latest/260x190/1641998.png
1642450,Daniss Jenkins,Pistons,https://ak-static.cms.nba.com/wp-content/uploads/headshots/nba/latest/260x190/1642450.png
1629660,Ty Jerome,Grizzlies,https://ak-static.cms.nba.com/wp-content/uploads/headshots/nba/latest/260x190/1629660.png
1630198,Isaiah Joe,Thunder,https://ak-static.cms.nba.com/wp-content/uploads/headshots/nba/latest/260x190/1630198.png
1642358,AJ Johnson,Mavericks,https://ak-static.cms.nba.com/wp-content/uploads/headshots/nba/latest/260x190/1642358.png
1629661,Cameron Johnson,Nuggets,https://ak-static.cms.nba.com/wp-content/uploads/headshots/nba/latest/260x190/1629661.png
1643052,Chaney Johnson,Nets,https://ak-static.cms.nba.com/wp-content/uploads/headshots/nba/latest/260x190/1643052.png
1630552,Jalen Johnson,Hawks,https://ak-static.cms.nba.com/wp-content/uploads/headshots/nba/latest/260x190/1630552.png
1629640,Keldon Johnson,Spurs,https://ak-static.cms.nba.com/wp-content/uploads/headshots/nba/latest/260x190/1629640.png
1642352,Keshad Johnson,Heat,https://ak-static.cms.nba.com/wp-content/uploads/headshots/nba/latest/260x190/1642352.png
1642848,Tre Johnson,Wizards,https://ak-static.cms.nba.com/wp-content/uploads/headshots/nba/latest/260x190/1642848.png
203999,Nikola Jokić,Nuggets,https://ak-static.cms.nba.com/wp-content/uploads/headshots/nba/latest/260x190/203999.png
1641732,Colby Jones,,https://ak-static.cms.nba.com/wp-content/uploads/headshots/nba/latest/260x190/1641732.png
1642938,Curtis Jones,Nuggets,https://ak-static.cms.nba.com/wp-content/uploads/headshots/nba/latest/260x190/1642938.png
1641794,Dillon Jones,Knicks,https://ak-static.cms.nba.com/wp-content/uploads/headshots/nba/latest/260x190/1641794.png
1630529,Herbert Jones,Pelicans,https://ak-static.cms.nba.com/wp-content/uploads/headshots/nba/latest/260x190/1630529.png
1642403,Isaac Jones,Pistons,https://ak-static.cms.nba.com/wp-content/uploads/headshots/nba/latest/260x190/1642403.png
1642880,Kam Jones,Pacers,https://ak-static.cms.nba.com/wp-content/uploads/headshots/nba/latest/260x190/1642880.png
1642461,Spencer Jones,Nuggets,https://ak-static.cms.nba.com/wp-content/uploads/headshots/nba/latest/260x190/1642461.png
1630200,Tre Jones,Bulls,https://ak-static.cms.nba.com/wp-content/uploads/headshots/nba/latest/260x190/1630200.png
1626145,Tyus Jones,Nuggets,https://ak-static.cms.nba.com/wp-content/uploads/headshots/nba/latest/260x190/1626145.png
1642357,David Jones Garcia,Spurs,https://ak-static.cms.nba.com/wp-content/uploads/headshots/nba/latest/260x190/1642357.png
1627884,Derrick Jones Jr.,Clippers,https://ak-static.cms.nba.com/wp-content/uploads/headshots/nba/latest/260x190/1627884.png
201599,DeAndre Jordan,Pelicans,https://ak-static.cms.nba.com/wp-content/uploads/headshots/nba/latest/260x190/201599.png
1631107,Nikola Jović,Heat,https://ak-static.cms.nba.com/wp-content/uploads/headshots/nba/latest/260x190/1631107.png
1630548,Johnny Juzang,,https://ak-static.cms.nba.com/wp-content/uploads/headshots/nba/latest/260x190/1630548.png
1641750,Ryan Kalkbrenner,Hornets,https://ak-static.cms.nba.com/wp-content/uploads/headshots/nba/latest/260x190/1641750.png
1642530,Yuki Kawamura,Bulls,https://ak-static.cms.nba.com/wp-content/uploads/headshots/nba/latest/260x190/1642530.png
1631211,Trevor Keels,Heat,https://ak-static.cms.nba.com/wp-content/uploads/headshots/nba/latest/260x190/1631211.png
1642939,Miles Kelly,,https://ak-static.cms.nba.com/wp-content/uploads/headshots/nba/latest/260x190/1642939.png
1628379,Luke Kennard,Lakers,https://ak-static.cms.nba.com/wp-content/uploads/headshots/nba/latest/260x190/1628379.png
1643257,Jayson Kent,Trail Blazers,https://ak-static.cms.nba.com/wp-content/uploads/headshots/nba/latest/260x190/1643257.png
1631117,Walker Kessler,Jazz,https://ak-static.cms.nba.com/wp-content/uploads/headshots/nba/latest/260x190/1631117.png
1630557,Corey Kispert,Hawks,https://ak-static.cms.nba.com/wp-content/uploads/headshots/nba/latest/260x190/1630557.png
1628467,Maxi Kleber,Lakers,https://ak-static.cms.nba.com/wp-content/uploads/headshots/nba/latest/260x190/1628467.png
1641752,Bobi Klintman,,https://ak-static.cms.nba.com/wp-content/uploads/headshots/nba/latest/260x190/1641752.png
1642261,Dalton Knecht,Lakers,https://ak-static.cms.nba.com/wp-content/uploads/headshots/nba/latest/260x190/1642261.png
1642851,Kon Knueppel,Hornets,https://ak-static.cms.nba.com/wp-content/uploads/headshots/nba/latest/260x190/1642851.png
1642278,Tyler Kolek,Knicks,https://ak-static.cms.nba.com/wp-content/uploads/headshots/nba/latest/260x190/1642278.png
1631132,Christian Koloko,Hawks,https://ak-static.cms.nba.com/wp-content/uploads/headshots/nba/latest/260x190/1631132.png
1629723,John Konchar,Jazz,https://ak-static.cms.nba.com/wp-content/uploads/headshots/nba/latest/260x190/1629723.png
1628436,Luke Kornet,Spurs,https://ak-static.cms.nba.com/wp-content/uploads/headshots/nba/latest/260x190/1628436.png
1630249,Vít Krejčí,Trail Blazers,https://ak-static.cms.nba.com/wp-content/uploads/headshots/nba/latest/260x190/1630249.png
1630228,Jonathan Kuminga,Hawks,https://ak-static.cms.nba.com/wp-content/uploads/headshots/nba/latest/260x190/1630228.png
1628398,Kyle Kuzma,Bucks,https://ak-static.cms.nba.com/wp-content/uploads/headshots/nba/latest/260x190/1628398.png
1631222,Jake LaRavia,Lakers,https://ak-static.cms.nba.com/wp-content/uploads/headshots/nba/latest/260x190/1631222.png
203897,Zach LaVine,Kings,https://ak-static.cms.nba.com/wp-content/uploads/headshots/nba/latest/260x190/203897.png
1627746,Skal Labissiere,,https://ak-static.cms.nba.com/wp-content/uploads/headshots/nba/latest/260x190/1627746.png
1629111,Jock Landale,Hawks,https://ak-static.cms.nba.com/wp-content/uploads/headshots/nba/latest/260x190/1629111.png
1642404,Chaz Lanier,Pistons,https://ak-static.cms.nba.com/wp-content/uploads/headshots/nba/latest/260x190/1642404.png
1641796,Pelle Larsson,Heat,https://ak-static.cms.nba.com/wp-content/uploads/headshots/nba/latest/260x190/1641796.png
1630639,A.J. Lawson,Raptors,https://ak-static.cms.nba.com/wp-content/uploads/headshots/nba/latest/260x190/1630639.png
1627747,Caris LeVert,Pistons,https://ak-static.cms.nba.com/wp-content/uploads/headshots/nba/latest/260x190/1627747.png
202695,Kawhi Leonard,Clippers,https://ak-static.cms.nba.com/wp-content/uploads/headshots/nba/latest/260x190/202695.png
1642502,Malevy Leons,Warriors,https://ak-static.cms.nba.com/wp-content/uploads/headshots/nba/latest/260x190/1642502.png
1630604,E.J. Liddell,Nets,https://ak-static.cms.nba.com/wp-content/uploads/headshots/nba/latest/260x190/1630604.png
203081,Damian Lillard,Trail Blazers,https://ak-static.cms.nba.com/wp-content/uploads/headshots/nba/latest/260x190/203081.png
1641726,Dereck Lively II,Mavericks,https://ak-static.cms.nba.com/wp-content/uploads/headshots/nba/latest/260x190/1641726.png
1630587,Isaiah Livers,Suns,https://ak-static.cms.nba.com/wp-content/uploads/headshots/nba/latest/260x190/1630587.png
1641753,Chris Livingston,,https://ak-static.cms.nba.com/wp-content/uploads/headshots/nba/latest/260x190/1641753.png
1626172,Kevon Looney,Pelicans,https://ak-static.cms.nba.com/wp-content/uploads/headshots/nba/latest/260x190/1626172.png
201572,Brook Lopez,Clippers,https://ak-static.cms.nba.com/wp-content/uploads/headshots/nba/latest/260x190/201572.png
1631126,Caleb Love,Trail Blazers,https://ak-static.cms.nba.com/wp-content/uploads/headshots/nba/latest/260x190/1631126.png
201567,Kevin Love,Jazz,https://ak-static.cms.nba.com/wp-content/uploads/headshots/nba/latest/260x190/201567.png
1643133,Lawson Lovering,,https://ak-static.cms.nba.com/wp-content/uploads/headshots/nba/latest/260x190/1643133.png
200768,Kyle Lowry,76ers,https://ak-static.cms.nba.com/wp-content/uploads/headshots/nba/latest/260x190/200768.png
1642863,Khaman Maluach,Suns,https://ak-static.cms.nba.com/wp-content/uploads/headshots/nba/latest/260x190/1642863.png
1630572,Sandro Mamukelashvili,Raptors,https://ak-static.cms.nba.com/wp-content/uploads/headshots/nba/latest/260x190/1630572.png
1629611,Terance Mann,Nets,https://ak-static.cms.nba.com/wp-content/uploads/headshots/nba/latest/260x190/1629611.png
1630544,Tre Mann,Hornets,https://ak-static.cms.nba.com/wp-content/uploads/headshots/nba/latest/260x190/1630544.png
1628374,Lauri Markkanen,Jazz,https://ak-static.cms.nba.com/wp-content/uploads/headshots/nba/latest/260x190/1628374.png
1630230,Naji Marshall,Mavericks,https://ak-static.cms.nba.com/wp-content/uploads/headshots/nba/latest/260x190/1630230.png
1642918,Alijah Martin,Raptors,https://ak-static.cms.nba.com/wp-content/uploads/headshots/nba/latest/260x190/1642918.png
1628997,Caleb Martin,Mavericks,https://ak-static.cms.nba.com/wp-content/uploads/headshots/nba/latest/260x190/1628997.png
1628998,Cody Martin,,https://ak-static.cms.nba.com/wp-content/uploads/headshots/nba/latest/260x190/1628998.png
1631213,Tyrese Martin,76ers,https://ak-static.cms.nba.com/wp-content/uploads/headshots/nba/latest/260x190/1631213.png
1642942,Jahmai Mashack,Grizzlies,https://ak-static.cms.nba.com/wp-content/uploads/headshots/nba/latest/260x190/1642942.png
1629726,Garrison Mathews,,https://ak-static.cms.nba.com/wp-content/uploads/headshots/nba/latest/260x190/1629726.png
1631097,Bennedict Mathurin,Clippers,https://ak-static.cms.nba.com/wp-content/uploads/headshots/nba/latest/260x190/1631097.png
1631255,Karlo Matković,Pelicans,https://ak-static.cms.nba.com/wp-content/uploads/headshots/nba/latest/260x190/1631255.png
1630178,Tyrese Maxey,76ers,https://ak-static.cms.nba.com/wp-content/uploads/headshots/nba/latest/260x190/1630178.png
1643024,Chris Mañon,Lakers,https://ak-static.cms.nba.com/wp-content/uploads/headshots/nba/latest/260x190/1643024.png
1643016,Bez Mbeng,Jazz,https://ak-static.cms.nba.com/wp-content/uploads/headshots/nba/latest/260x190/1643016.png
1630540,Miles McBride,Knicks,https://ak-static.cms.nba.com/wp-content/uploads/headshots/nba/latest/260x190/1630540.png
1642272,Jared McCain,Thunder,https://ak-static.cms.nba.com/wp-content/uploads/headshots/nba/latest/260x190/1642272.png
1630644,Mac McClung,Bulls,https://ak-static.cms.nba.com/wp-content/uploads/headshots/nba/latest/260x190/1630644.png
203468,CJ McCollum,Hawks,https://ak-static.cms.nba.com/wp-content/uploads/headshots/nba/latest/260x190/203468.png
204456,T.J. McConnell,Pacers,https://ak-static.cms.nba.com/wp-content/uploads/headshots/nba/latest/260x190/204456.png
1641755,Kevin McCullar Jr.,Knicks,https://ak-static.cms.nba.com/wp-content/uploads/headshots/nba/latest/260x190/1641755.png
1630183,Jaden McDaniels,Timberwolves,https://ak-static.cms.nba.com/wp-content/uploads/headshots/nba/latest/260x190/1630183.png
203926,Doug McDermott,Kings,https://ak-static.cms.nba.com/wp-content/uploads/headshots/nba/latest/260x190/203926.png
1631121,Bryce McGowens,Pelicans,https://ak-static.cms.nba.com/wp-content/uploads/headshots/nba/latest/260x190/1631121.png
1629162,Jordan McLaughlin,Spurs,https://ak-static.cms.nba.com/wp-content/uploads/headshots/nba/latest/260x190/1629162.png
1642862,Liam McNeeley,Hornets,https://ak-static.cms.nba.com/wp-content/uploads/headshots/nba/latest/260x190/1642862.png
1629001,De'Anthony Melton,Warriors,https://ak-static.cms.nba.com/wp-content/uploads/headshots/nba/latest/260x190/1629001.png
1630241,Sam Merrill,Cavaliers,https://ak-static.cms.nba.com/wp-content/uploads/headshots/nba/latest/260x190/1630241.png
203114,Khris Middleton,Mavericks,https://ak-static.cms.nba.com/wp-content/uploads/headshots/nba/latest/260x190/203114.png
1641706,Brandon Miller,Hornets,https://ak-static.cms.nba.com/wp-content/uploads/headshots/nba/latest/260x190/1641706.png
1641801,Emanuel Miller,Spurs,https://ak-static.cms.nba.com/wp-content/uploads/headshots/nba/latest/260x190/1641801.png
1641757,Jordan Miller,Clippers,https://ak-static.cms.nba.com/wp-content/uploads/headshots/nba/latest/260x190/1641757.png
1631159,Leonard Miller,Bulls,https://ak-static.cms.nba.com/wp-content/uploads/headshots/nba/latest/260x190/1631159.png
1642434,Riley Minix,Cavaliers,https://ak-static.cms.nba.com/wp-content/uploads/headshots/nba/latest/260x190/1642434.png
1631169,Josh Minott,Nets,https://ak-static.cms.nba.com/wp-content/uploads/headshots/nba/latest/260x190/1631169.png
1642274,Yves Missi,Pelicans,https://ak-static.cms.nba.com/wp-content/uploads/headshots/nba/latest/260x190/1642274.png
1642349,Ajay Mitchell,Thunder,https://ak-static.cms.nba.com/wp-content/uploads/headshots/nba/latest/260x190/1642349.png
1630558,Davion Mitchell,Heat,https://ak-static.cms.nba.com/wp-content/uploads/headshots/nba/latest/260x190/1630558.png
1628378,Donovan Mitchell,Cavaliers,https://ak-static.cms.nba.com/wp-content/uploads/headshots/nba/latest/260x190/1628378.png
1630596,Evan Mobley,Cavaliers,https://ak-static.cms.nba.com/wp-content/uploads/headshots/nba/latest/260x190/1630596.png
1642367,Jonathan Mogbo,Raptors,https://ak-static.cms.nba.com/wp-content/uploads/headshots/nba/latest/260x190/1642367.png
1628370,Malik Monk,Kings,https://ak-static.cms.nba.com/wp-content/uploads/headshots/nba/latest/260x190/1628370.png
1630541,Moses Moody,Warriors,https://ak-static.cms.nba.com/wp-content/uploads/headshots/nba/latest/260x190/1630541.png
1631111,Wendell Moore Jr.,Pistons,https://ak-static.cms.nba.com/wp-content/uploads/headshots/nba/latest/260x190/1631111.png
1631457,Alex Morales,Magic,https://ak-static.cms.nba.com/wp-content/uploads/headshots/nba/latest/260x190/1631457.png
1629630,Ja Morant,Grizzlies,https://ak-static.cms.nba.com/wp-content/uploads/headshots/nba/latest/260x190/1629630.png
1628420,Monte Morris,,https://ak-static.cms.nba.com/wp-content/uploads/headshots/nba/latest/260x190/1628420.png
1630530,Trey Murphy III,Pelicans,https://ak-static.cms.nba.com/wp-content/uploads/headshots/nba/latest/260x190/1630530.png
1627749,Dejounte Murray,Pelicans,https://ak-static.cms.nba.com/wp-content/uploads/headshots/nba/latest/260x190/1627749.png
1627750,Jamal Murray,Nuggets,https://ak-static.cms.nba.com/wp-content/uploads/headshots/nba/latest/260x190/1627750.png
1631099,Keegan Murray,Kings,https://ak-static.cms.nba.com/wp-content/uploads/headshots/nba/latest/260x190/1631099.png
1631200,Kris Murray,Trail Blazers,https://ak-static.cms.nba.com/wp-content/uploads/headshots/nba/latest/260x190/1631200.png
1642867,Collin Murray-Boyles,Raptors,https://ak-static.cms.nba.com/wp-content/uploads/headshots/nba/latest/260x190/1642867.png
1629004,Svi Mykhailiuk,Jazz,https://ak-static.cms.nba.com/wp-content/uploads/headshots/nba/latest/260x190/1629004.png
1631250,Pete Nance,Bucks,https://ak-static.cms.nba.com/wp-content/uploads/headshots/nba/latest/260x190/1631250.png
1626204,Larry Nance Jr.,Cavaliers,https://ak-static.cms.nba.com/wp-content/uploads/headshots/nba/latest/260x190/1626204.png
1641761,Grant Nelson,,https://ak-static.cms.nba.com/wp-content/uploads/headshots/nba/latest/260x190/1641761.png
1629614,Andrew Nembhard,Pacers,https://ak-static.cms.nba.com/wp-content/uploads/headshots/nba/latest/260x190/1629614.png
1642948,Ryan Nembhard,Mavericks,https://ak-static.cms.nba.com/wp-content/uploads/headshots/nba/latest/260x190/1642948.png
1630174,Aaron Nesmith,Pacers,https://ak-static.cms.nba.com/wp-content/uploads/headshots/nba/latest/260x190/1630174.png
1642854,Asa Newell,Hawks,https://ak-static.cms.nba.com/wp-content/uploads/headshots/nba/latest/260x190/1642854.png
1641803,Tristen Newton,Rockets,https://ak-static.cms.nba.com/wp-content/uploads/headshots/nba/latest/260x190/1641803.png
1642949,Yanic Konan Niederhäuser,Clippers,https://ak-static.cms.nba.com/wp-content/uploads/headshots/nba/latest/260x190/1642949.png
1630192,Zeke Nnaji,Nuggets,https://ak-static.cms.nba.com/wp-content/uploads/headshots/nba/latest/260x190/1630192.png
203994,Jusuf Nurkić,Jazz,https://ak-static.cms.nba.com/wp-content/uploads/headshots/nba/latest/260x190/203994.png
1626220,Royce O'Neale,Suns,https://ak-static.cms.nba.com/wp-content/uploads/headshots/nba/latest/260x190/1626220.png
1642490,Josh Oduro,Pelicans,https://ak-static.cms.nba.com/wp-content/uploads/headshots/nba/latest/260x190/1642490.png
1643253,Toby Okani,,https://ak-static.cms.nba.com/wp-content/uploads/headshots/nba/latest/260x190/1643253.png
1629006,Josh Okogie,Rockets,https://ak-static.cms.nba.com/wp-content/uploads/headshots/nba/latest/260x190/1629006.png
1630168,Onyeka Okongwu,Hawks,https://ak-static.cms.nba.com/wp-content/uploads/headshots/nba/latest/260x190/1630168.png
1630171,Isaac Okoro,Bulls,https://ak-static.cms.nba.com/wp-content/uploads/headshots/nba/latest/260x190/1630171.png
1642950,Lachlan Olbrich,Bulls,https://ak-static.cms.nba.com/wp-content/uploads/headshots/nba/latest/260x190/1642950.png
203482,Kelly Olynyk,Spurs,https://ak-static.cms.nba.com/wp-content/uploads/headshots/nba/latest/260x190/203482.png
1641807,Norchad Omier,Clippers,https://ak-static.cms.nba.com/wp-content/uploads/headshots/nba/latest/260x190/1641807.png
1626162,Kelly Oubre Jr.,76ers,https://ak-static.cms.nba.com/wp-content/uploads/headshots/nba/latest/260x190/1626162.png
101108,Chris Paul,,https://ak-static.cms.nba.com/wp-content/uploads/headshots/nba/latest/260x190/101108.png
1626166,Cameron Payne,,https://ak-static.cms.nba.com/wp-content/uploads/headshots/nba/latest/260x190/1626166.png
1627780,Gary Payton II,Warriors,https://ak-static.cms.nba.com/wp-content/uploads/headshots/nba/latest/260x190/1627780.png
1642877,Micah Peavy,Pelicans,https://ak-static.cms.nba.com/wp-content/uploads/headshots/nba/latest/260x190/1642877.png
1642951,Sean Pedulla,Clippers,https://ak-static.cms.nba.com/wp-content/uploads/headshots/nba/latest/260x190/1642951.png
1642869,Noah Penda,Magic,https://ak-static.cms.nba.com/wp-content/uploads/headshots/nba/latest/260x190/1642869.png
1643007,Taelon Peter,Pacers,https://ak-static.cms.nba.com/wp-content/uploads/headshots/nba/latest/260x190/1643007.png
1641809,Drew Peterson,,https://ak-static.cms.nba.com/wp-content/uploads/headshots/nba/latest/260x190/1641809.png
1641763,Julian Phillips,Timberwolves,https://ak-static.cms.nba.com/wp-content/uploads/headshots/nba/latest/260x190/1641763.png
1629618,Jalen Pickett,Nuggets,https://ak-static.cms.nba.com/wp-content/uploads/headshots/nba/latest/260x190/1629618.png
1630590,Scotty Pippen Jr.,Grizzlies,https://ak-static.cms.nba.com/wp-content/uploads/headshots/nba/latest/260x190/1630590.png
1631342,Daeqwon Plowden,Kings,https://ak-static.cms.nba.com/wp-content/uploads/headshots/nba/latest/260x190/1631342.png
203486,Mason Plumlee,Spurs,https://ak-static.cms.nba.com/wp-content/uploads/headshots/nba/latest/260x190/203486.png
1641764,Brandin Podziemski,Warriors,https://ak-static.cms.nba.com/wp-content/uploads/headshots/nba/latest/260x190/1641764.png
1627751,Jakob Poeltl,Raptors,https://ak-static.cms.nba.com/wp-content/uploads/headshots/nba/latest/260x190/1627751.png
1629673,Jordan Poole,Pelicans,https://ak-static.cms.nba.com/wp-content/uploads/headshots/nba/latest/260x190/1629673.png
1641854,Craig Porter Jr.,Cavaliers,https://ak-static.cms.nba.com/wp-content/uploads/headshots/nba/latest/260x190/1641854.png
1629645,Kevin Porter Jr.,Bucks,https://ak-static.cms.nba.com/wp-content/uploads/headshots/nba/latest/260x190/1629645.png
1629008,Michael Porter Jr.,Nets,https://ak-static.cms.nba.com/wp-content/uploads/headshots/nba/latest/260x190/1629008.png
1626171,Bobby Portis,Bucks,https://ak-static.cms.nba.com/wp-content/uploads/headshots/nba/latest/260x190/1626171.png
204001,Kristaps Porziņģis,Warriors,https://ak-static.cms.nba.com/wp-content/uploads/headshots/nba/latest/260x190/204001.png
1642366,Quinten Post,Warriors,https://ak-static.cms.nba.com/wp-content/uploads/headshots/nba/latest/260x190/1642366.png
1630695,Micah Potter,Pacers,https://ak-static.cms.nba.com/wp-content/uploads/headshots/nba/latest/260x190/1630695.png
1642967,John Poulakidas,Mavericks,https://ak-static.cms.nba.com/wp-content/uploads/headshots/nba/latest/260x190/1642967.png
1642962,Drake Powell,Nets,https://ak-static.cms.nba.com/wp-content/uploads/headshots/nba/latest/260x190/1642962.png
203939,Dwight Powell,Mavericks,https://ak-static.cms.nba.com/wp-content/uploads/headshots/nba/latest/260x190/203939.png
1626181,Norman Powell,Heat,https://ak-static.cms.nba.com/wp-content/uploads/headshots/nba/latest/260x190/1626181.png
1627752,Taurean Prince,Bucks,https://ak-static.cms.nba.com/wp-content/uploads/headshots/nba/latest/260x190/1627752.png
1630202,Payton Pritchard,Celtics,https://ak-static.cms.nba.com/wp-content/uploads/headshots/nba/latest/260x190/1630202.png
1642878,Tyrese Proctor,Cavaliers,https://ak-static.cms.nba.com/wp-content/uploads/headshots/nba/latest/260x190/1642878.png
1641765,Olivier-Maxence Prosper,Grizzlies,https://ak-static.cms.nba.com/wp-content/uploads/headshots/nba/latest/260x190/1641765.png
1642389,Zyon Pullin,Timberwolves,https://ak-static.cms.nba.com/wp-content/uploads/headshots/nba/latest/260x190/1642389.png
1642852,Derik Queen,Pelicans,https://ak-static.cms.nba.com/wp-content/uploads/headshots/nba/latest/260x190/1642852.png
1629674,Neemias Queta,Celtics,https://ak-static.cms.nba.com/wp-content/uploads/headshots/nba/latest/260x190/1629674.png
1630193,Immanuel Quickley,Raptors,https://ak-static.cms.nba.com/wp-content/uploads/headshots/nba/latest/260x190/1630193.png
203944,Julius Randle,Timberwolves,https://ak-static.cms.nba.com/wp-content/uploads/headshots/nba/latest/260x190/203944.png
1642875,Maxime Raynaud,Kings,https://ak-static.cms.nba.com/wp-content/uploads/headshots/nba/latest/260x190/1642875.png
1641871,Duop Reath,,https://ak-static.cms.nba.com/wp-content/uploads/headshots/nba/latest/260x190/1641871.png
1630559,Austin Reaves,Lakers,https://ak-static.cms.nba.com/wp-content/uploads/headshots/nba/latest/260x190/1630559.png
1630194,Paul Reed,Pistons,https://ak-static.cms.nba.com/wp-content/uploads/headshots/nba/latest/260x190/1630194.png
1642882,Julian Reese,Wizards,https://ak-static.cms.nba.com/wp-content/uploads/headshots/nba/latest/260x190/1642882.png
1641810,Antonio Reeves,Hornets,https://ak-static.cms.nba.com/wp-content/uploads/headshots/nba/latest/260x190/1641810.png
1629675,Naz Reid,Timberwolves,https://ak-static.cms.nba.com/wp-content/uploads/headshots/nba/latest/260x190/1629675.png
1642954,Will Richard,Warriors,https://ak-static.cms.nba.com/wp-content/uploads/headshots/nba/latest/260x190/1642954.png
1630208,Nick Richards,Bulls,https://ak-static.cms.nba.com/wp-content/uploads/headshots/nba/latest/260x190/1630208.png
1642859,Jase Richardson,Magic,https://ak-static.cms.nba.com/wp-content/uploads/headshots/nba/latest/260x190/1642859.png
1642955,Kadary Richmond,,https://ak-static.cms.nba.com/wp-content/uploads/headshots/nba/latest/260x190/1642955.png
1642860,Will Riley,Wizards,https://ak-static.cms.nba.com/wp-content/uploads/headshots/nba/latest/260x190/1642860.png
1642258,Zaccharie Risacher,Hawks,https://ak-static.cms.nba.com/wp-content/uploads/headshots/nba/latest/260x190/1642258.png
1629130,Duncan Robinson,Pistons,https://ak-static.cms.nba.com/wp-content/uploads/headshots/nba/latest/260x190/1629130.png
1629011,Mitchell Robinson,Knicks,https://ak-static.cms.nba.com/wp-content/uploads/headshots/nba/latest/260x190/1629011.png
1631115,Orlando Robinson,,https://ak-static.cms.nba.com/wp-content/uploads/headshots/nba/latest/260x190/1631115.png
1630526,Jeremiah Robinson-Earl,,https://ak-static.cms.nba.com/wp-content/uploads/headshots/nba/latest/260x190/1630526.png
1631223,David Roddy,Nuggets,https://ak-static.cms.nba.com/wp-content/uploads/headshots/nba/latest/260x190/1631223.png
1631157,Ryan Rollins,Bucks,https://ak-static.cms.nba.com/wp-content/uploads/headshots/nba/latest/260x190/1631157.png
1641712,Rayan Rupert,Grizzlies,https://ak-static.cms.nba.com/wp-content/uploads/headshots/nba/latest/260x190/1641712.png
1626156,D'Angelo Russell,Wizards,https://ak-static.cms.nba.com/wp-content/uploads/headshots/nba/latest/260x190/1626156.png
1642504,Cormac Ryan,Bucks,https://ak-static.cms.nba.com/wp-content/uploads/headshots/nba/latest/260x190/1642504.png
1627734,Domantas Sabonis,Kings,https://ak-static.cms.nba.com/wp-content/uploads/headshots/nba/latest/260x190/1627734.png
1642275,Tidjane Salaün,Hornets,https://ak-static.cms.nba.com/wp-content/uploads/headshots/nba/latest/260x190/1642275.png
1642282,Hunter Sallis,,https://ak-static.cms.nba.com/wp-content/uploads/headshots/nba/latest/260x190/1642282.png
1642920,Kobe Sanders,Clippers,https://ak-static.cms.nba.com/wp-content/uploads/headshots/nba/latest/260x190/1642920.png
1642362,Payton Sandfort,Thunder,https://ak-static.cms.nba.com/wp-content/uploads/headshots/nba/latest/260x190/1642362.png
1630611,Gui Santos,Warriors,https://ak-static.cms.nba.com/wp-content/uploads/headshots/nba/latest/260x190/1630611.png
1642879,Ben Saraf,Nets,https://ak-static.cms.nba.com/wp-content/uploads/headshots/nba/latest/260x190/1642879.png
203967,Dario Saric,,https://ak-static.cms.nba.com/wp-content/uploads/headshots/nba/latest/260x190/203967.png
1642259,Alex Sarr,Wizards,https://ak-static.cms.nba.com/wp-content/uploads/headshots/nba/latest/260x190/1642259.png
1630846,Olivier Sarr,Cavaliers,https://ak-static.cms.nba.com/wp-content/uploads/headshots/nba/latest/260x190/1630846.png
1631204,Marcus Sasser,Pistons,https://ak-static.cms.nba.com/wp-content/uploads/headshots/nba/latest/260x190/1631204.png
1631248,Baylor Scheierman,Celtics,https://ak-static.cms.nba.com/wp-content/uploads/headshots/nba/latest/260x190/1631248.png
203471,Dennis Schröder,Cavaliers,https://ak-static.cms.nba.com/wp-content/uploads/headshots/nba/latest/260x190/203471.png
1630286,Trevon Scott,,https://ak-static.cms.nba.com/wp-content/uploads/headshots/nba/latest/260x190/1630286.png
1641813,Mark Sears,,https://ak-static.cms.nba.com/wp-content/uploads/headshots/nba/latest/260x190/1641813.png
1630578,Alperen Sengun,Rockets,https://ak-static.cms.nba.com/wp-content/uploads/headshots/nba/latest/260x190/1630578.png
1641729,Brice Sensabaugh,Jazz,https://ak-static.cms.nba.com/wp-content/uploads/headshots/nba/latest/260x190/1641729.png
1629012,Collin Sexton,Bulls,https://ak-static.cms.nba.com/wp-content/uploads/headshots/nba/latest/260x190/1629012.png
1629013,Landry Shamet,Knicks,https://ak-static.cms.nba.com/wp-content/uploads/headshots/nba/latest/260x190/1629013.png
1630545,Terrence Shannon Jr.,Timberwolves,https://ak-static.cms.nba.com/wp-content/uploads/headshots/nba/latest/260x190/1630545.png
1630549,Day'Ron Sharpe,Nets,https://ak-static.cms.nba.com/wp-content/uploads/headshots/nba/latest/260x190/1630549.png
1631101,Shaedon Sharpe,Trail Blazers,https://ak-static.cms.nba.com/wp-content/uploads/headshots/nba/latest/260x190/1631101.png
1642347,Jamal Shead,Raptors,https://ak-static.cms.nba.com/wp-content/uploads/headshots/nba/latest/260x190/1642347.png
1641767,Ben Sheppard,Pacers,https://ak-static.cms.nba.com/wp-content/uploads/headshots/nba/latest/260x190/1641767.png
1642263,Reed Sheppard,Rockets,https://ak-static.cms.nba.com/wp-content/uploads/headshots/nba/latest/260x190/1642263.png
1642917,Max Shulga,Celtics,https://ak-static.cms.nba.com/wp-content/uploads/headshots/nba/latest/260x190/1642917.png
1627783,Pascal Siakam,Pacers,https://ak-static.cms.nba.com/wp-content/uploads/headshots/nba/latest/260x190/1627783.png
1629014,Anfernee Simons,Bulls,https://ak-static.cms.nba.com/wp-content/uploads/headshots/nba/latest/260x190/1629014.png
1642354,KJ Simpson,Nuggets,https://ak-static.cms.nba.com/wp-content/uploads/headshots/nba/latest/260x190/1642354.png
1630579,Jericho Sims,Bucks,https://ak-static.cms.nba.com/wp-content/uploads/headshots/nba/latest/260x190/1630579.png
1641771,Jalen Slawson,Pacers,https://ak-static.cms.nba.com/wp-content/uploads/headshots/nba/latest/260x190/1641771.png
1642914,Javon Small,Grizzlies,https://ak-static.cms.nba.com/wp-content/uploads/headshots/nba/latest/260x190/1642914.png
203935,Marcus Smart,Lakers,https://ak-static.cms.nba.com/wp-content/uploads/headshots/nba/latest/260x190/203935.png
1630696,Dru Smith,Heat,https://ak-static.cms.nba.com/wp-content/uploads/headshots/nba/latest/260x190/1630696.png
1630188,Jalen Smith,Bulls,https://ak-static.cms.nba.com/wp-content/uploads/headshots/nba/latest/260x190/1630188.png
1641869,Malachi Smith,Nets,https://ak-static.cms.nba.com/wp-content/uploads/headshots/nba/latest/260x190/1641869.png
1642449,Tolu Smith,Pistons,https://ak-static.cms.nba.com/wp-content/uploads/headshots/nba/latest/260x190/1642449.png
1641890,Tyler Smith,Mavericks,https://ak-static.cms.nba.com/wp-content/uploads/headshots/nba/latest/260x190/1641890.png
1631095,Jabari Smith Jr.,Rockets,https://ak-static.cms.nba.com/wp-content/uploads/headshots/nba/latest/260x190/1631095.png
1641733,Nick Smith Jr.,Lakers,https://ak-static.cms.nba.com/wp-content/uploads/headshots/nba/latest/260x190/1641733.png
1631110,Jeremy Sochan,Knicks,https://ak-static.cms.nba.com/wp-content/uploads/headshots/nba/latest/260x190/1631110.png
1642850,Thomas Sorber,Thunder,https://ak-static.cms.nba.com/wp-content/uploads/headshots/nba/latest/260x190/1642850.png
1642285,Cam Spencer,Grizzlies,https://ak-static.cms.nba.com/wp-content/uploads/headshots/nba/latest/260x190/1642285.png
1630311,Pat Spencer,Warriors,https://ak-static.cms.nba.com/wp-content/uploads/headshots/nba/latest/260x190/1630311.png
1641815,Isaiah Stevens,Kings,https://ak-static.cms.nba.com/wp-content/uploads/headshots/nba/latest/260x190/1641815.png
1630191,Isaiah Stewart,Pistons,https://ak-static.cms.nba.com/wp-content/uploads/headshots/nba/latest/260x190/1630191.png
1631124,Julian Strawther,Nuggets,https://ak-static.cms.nba.com/wp-content/uploads/headshots/nba/latest/260x190/1631124.png
1629622,Max Strus,Cavaliers,https://ak-static.cms.nba.com/wp-content/uploads/headshots/nba/latest/260x190/1629622.png
1630591,Jalen Suggs,Magic,https://ak-static.cms.nba.com/wp-content/uploads/headshots/nba/latest/260x190/1630591.png
1630256,Jae'Sean Tate,Rockets,https://ak-static.cms.nba.com/wp-content/uploads/headshots/nba/latest/260x190/1630256.png
1628369,Jayson Tatum,Celtics,https://ak-static.cms.nba.com/wp-content/uploads/headshots/nba/latest/260x190/1628369.png
1643141,Jahmyl Telfort,,https://ak-static.cms.nba.com/wp-content/uploads/headshots/nba/latest/260x190/1643141.png
202066,Garrett Temple,Raptors,https://ak-static.cms.nba.com/wp-content/uploads/headshots/nba/latest/260x190/202066.png
1631207,Dalen Terry,76ers,https://ak-static.cms.nba.com/wp-content/uploads/headshots/nba/latest/260x190/1631207.png
1642876,Adou Thiero,Lakers,https://ak-static.cms.nba.com/wp-content/uploads/headshots/nba/latest/260x190/1642876.png
1630560,Cam Thomas,,https://ak-static.cms.nba.com/wp-content/uploads/headshots/nba/latest/260x190/1630560.png
1641708,Amen Thompson,Rockets,https://ak-static.cms.nba.com/wp-content/uploads/headshots/nba/latest/260x190/1641708.png
1641709,Ausar Thompson,Pistons,https://ak-static.cms.nba.com/wp-content/uploads/headshots/nba/latest/260x190/1641709.png
1630679,Ethan Thompson,Pacers,https://ak-static.cms.nba.com/wp-content/uploads/headshots/nba/latest/260x190/1630679.png
202691,Klay Thompson,Mavericks,https://ak-static.cms.nba.com/wp-content/uploads/headshots/nba/latest/260x190/202691.png
1629680,Matisse Thybulle,Trail Blazers,https://ak-static.cms.nba.com/wp-content/uploads/headshots/nba/latest/260x190/1629680.png
1630214,Xavier Tillman,Hornets,https://ak-static.cms.nba.com/wp-content/uploads/headshots/nba/latest/260x190/1630214.png
1631166,Drew Timme,Lakers,https://ak-static.cms.nba.com/wp-content/uploads/headshots/nba/latest/260x190/1631166.png
1641772,Nae'Qwan Tomlin,Cavaliers,https://ak-static.cms.nba.com/wp-content/uploads/headshots/nba/latest/260x190/1641772.png
1642910,John Tonje,Celtics,https://ak-static.cms.nba.com/wp-content/uploads/headshots/nba/latest/260x190/1642910.png
1642260,Nikola Topić,Thunder,https://ak-static.cms.nba.com/wp-content/uploads/headshots/nba/latest/260x190/1642260.png
1631210,Jacob Toppin,,https://ak-static.cms.nba.com/wp-content/uploads/headshots/nba/latest/260x190/1631210.png
1630167,Obi Toppin,Pacers,https://ak-static.cms.nba.com/wp-content/uploads/headshots/nba/latest/260x190/1630167.png
1626157,Karl-Anthony Towns,Knicks,https://ak-static.cms.nba.com/wp-content/uploads/headshots/nba/latest/260x190/1626157.png
1642849,Nolan Traore,Nets,https://ak-static.cms.nba.com/wp-content/uploads/headshots/nba/latest/260x190/1642849.png
1631247,Luke Travers,,https://ak-static.cms.nba.com/wp-content/uploads/headshots/nba/latest/260x190/1631247.png
1629018,Gary Trent Jr.,Bucks,https://ak-static.cms.nba.com/wp-content/uploads/headshots/nba/latest/260x190/1629018.png
1631131,Oscar Tshiebwe,Jazz,https://ak-static.cms.nba.com/wp-content/uploads/headshots/nba/latest/260x190/1631131.png
1626167,Myles Turner,Bucks,https://ak-static.cms.nba.com/wp-content/uploads/headshots/nba/latest/260x190/1626167.png
1641816,Hunter Tyson,,https://ak-static.cms.nba.com/wp-content/uploads/headshots/nba/latest/260x190/1641816.png
1642281,Jaylon Tyson,Cavaliers,https://ak-static.cms.nba.com/wp-content/uploads/headshots/nba/latest/260x190/1642281.png
1630649,Stanley Umude,,https://ak-static.cms.nba.com/wp-content/uploads/headshots/nba/latest/260x190/1630649.png
202685,Jonas Valančiūnas,Nuggets,https://ak-static.cms.nba.com/wp-content/uploads/headshots/nba/latest/260x190/202685.png
1627832,Fred VanVleet,Rockets,https://ak-static.cms.nba.com/wp-content/uploads/headshots/nba/latest/260x190/1627832.png
1629020,Jarred Vanderbilt,Lakers,https://ak-static.cms.nba.com/wp-content/uploads/headshots/nba/latest/260x190/1629020.png
1630170,Devin Vassell,Spurs,https://ak-static.cms.nba.com/wp-content/uploads/headshots/nba/latest/260x190/1630170.png
1629216,Gabe Vincent,Hawks,https://ak-static.cms.nba.com/wp-content/uploads/headshots/nba/latest/260x190/1629216.png
1641774,Tristan Vukcevic,Wizards,https://ak-static.cms.nba.com/wp-content/uploads/headshots/nba/latest/260x190/1641774.png
202696,Nikola Vučević,Celtics,https://ak-static.cms.nba.com/wp-content/uploads/headshots/nba/latest/260x190/202696.png
1629731,Dean Wade,Cavaliers,https://ak-static.cms.nba.com/wp-content/uploads/headshots/nba/latest/260x190/1629731.png
1630532,Franz Wagner,Magic,https://ak-static.cms.nba.com/wp-content/uploads/headshots/nba/latest/260x190/1630532.png
1629021,Moritz Wagner,Magic,https://ak-static.cms.nba.com/wp-content/uploads/headshots/nba/latest/260x190/1629021.png
1631133,Jabari Walker,76ers,https://ak-static.cms.nba.com/wp-content/uploads/headshots/nba/latest/260x190/1631133.png
1641716,Jarace Walker,Pacers,https://ak-static.cms.nba.com/wp-content/uploads/headshots/nba/latest/260x190/1641716.png
1641717,Cason Wallace,Thunder,https://ak-static.cms.nba.com/wp-content/uploads/headshots/nba/latest/260x190/1641717.png
1630811,Keaton Wallace,Hawks,https://ak-static.cms.nba.com/wp-content/uploads/headshots/nba/latest/260x190/1630811.png
1641775,Jordan Walsh,Celtics,https://ak-static.cms.nba.com/wp-content/uploads/headshots/nba/latest/260x190/1641775.png
1642266,Ja'Kobe Walter,Raptors,https://ak-static.cms.nba.com/wp-content/uploads/headshots/nba/latest/260x190/1642266.png
1642276,Kel'el Ware,Heat,https://ak-static.cms.nba.com/wp-content/uploads/headshots/nba/latest/260x190/1642276.png
1629023,P.J. Washington,Mavericks,https://ak-static.cms.nba.com/wp-content/uploads/headshots/nba/latest/260x190/1629023.png
1631102,TyTy Washington Jr.,Clippers,https://ak-static.cms.nba.com/wp-content/uploads/headshots/nba/latest/260x190/1631102.png
1630322,Lindy Waters III,Spurs,https://ak-static.cms.nba.com/wp-content/uploads/headshots/nba/latest/260x190/1630322.png
1630570,Trendon Watford,76ers,https://ak-static.cms.nba.com/wp-content/uploads/headshots/nba/latest/260x190/1630570.png
1642364,Jamir Watkins,Wizards,https://ak-static.cms.nba.com/wp-content/uploads/headshots/nba/latest/260x190/1642364.png
1631212,Peyton Watson,Nuggets,https://ak-static.cms.nba.com/wp-content/uploads/headshots/nba/latest/260x190/1631212.png
1642377,Jaylen Wells,Grizzlies,https://ak-static.cms.nba.com/wp-content/uploads/headshots/nba/latest/260x190/1642377.png
1641705,Victor Wembanyama,Spurs,https://ak-static.cms.nba.com/wp-content/uploads/headshots/nba/latest/260x190/1641705.png
1631104,Blake Wesley,Trail Blazers,https://ak-static.cms.nba.com/wp-content/uploads/headshots/nba/latest/260x190/1631104.png
201566,Russell Westbrook,Kings,https://ak-static.cms.nba.com/wp-content/uploads/headshots/nba/latest/260x190/201566.png
1629632,Coby White,Hornets,https://ak-static.cms.nba.com/wp-content/uploads/headshots/nba/latest/260x190/1629632.png
1628401,Derrick White,Celtics,https://ak-static.cms.nba.com/wp-content/uploads/headshots/nba/latest/260x190/1628401.png
1641727,Dariq Whitehead,,https://ak-static.cms.nba.com/wp-content/uploads/headshots/nba/latest/260x190/1641727.png
1641715,Cam Whitmore,Wizards,https://ak-static.cms.nba.com/wp-content/uploads/headshots/nba/latest/260x190/1641715.png
1630598,Aaron Wiggins,Thunder,https://ak-static.cms.nba.com/wp-content/uploads/headshots/nba/latest/260x190/1630598.png
203952,Andrew Wiggins,Heat,https://ak-static.cms.nba.com/wp-content/uploads/headshots/nba/latest/260x190/203952.png
1631214,Alondes Williams,,https://ak-static.cms.nba.com/wp-content/uploads/headshots/nba/latest/260x190/1631214.png
1642873,Amari Williams,Celtics,https://ak-static.cms.nba.com/wp-content/uploads/headshots/nba/latest/260x190/1642873.png
1630314,Brandon Williams,Mavericks,https://ak-static.cms.nba.com/wp-content/uploads/headshots/nba/latest/260x190/1630314.png
1642262,Cody Williams,Jazz,https://ak-static.cms.nba.com/wp-content/uploads/headshots/nba/latest/260x190/1642262.png
1629684,Grant Williams,Hornets,https://ak-static.cms.nba.com/wp-content/uploads/headshots/nba/latest/260x190/1629684.png
1631114,Jalen Williams,Thunder,https://ak-static.cms.nba.com/wp-content/uploads/headshots/nba/latest/260x190/1631114.png
1631119,Jaylin Williams,Thunder,https://ak-static.cms.nba.com/wp-content/uploads/headshots/nba/latest/260x190/1631119.png
1629026,Kenrich Williams,Thunder,https://ak-static.cms.nba.com/wp-content/uploads/headshots/nba/latest/260x190/1629026.png
1631109,Mark Williams,Suns,https://ak-static.cms.nba.com/wp-content/uploads/headshots/nba/latest/260x190/1631109.png
1631466,Nate Williams,Warriors,https://ak-static.cms.nba.com/wp-content/uploads/headshots/nba/latest/260x190/1631466.png
1630172,Patrick Williams,Bulls,https://ak-static.cms.nba.com/wp-content/uploads/headshots/nba/latest/260x190/1630172.png
1630533,Ziaire Williams,Nets,https://ak-static.cms.nba.com/wp-content/uploads/headshots/nba/latest/260x190/1630533.png
1629057,Robert Williams III,Trail Blazers,https://ak-static.cms.nba.com/wp-content/uploads/headshots/nba/latest/260x190/1629057.png
1631246,Vince Williams Jr.,,https://ak-static.cms.nba.com/wp-content/uploads/headshots/nba/latest/260x190/1631246.png
1631351,Lucas Williamson,,https://ak-static.cms.nba.com/wp-content/uploads/headshots/nba/latest/260x190/1631351.png
1629627,Zion Williamson,Pelicans,https://ak-static.cms.nba.com/wp-content/uploads/headshots/nba/latest/260x190/1629627.png
1630592,Jalen Wilson,Nets,https://ak-static.cms.nba.com/wp-content/uploads/headshots/nba/latest/260x190/1630592.png
1630164,James Wiseman,,https://ak-static.cms.nba.com/wp-content/uploads/headshots/nba/latest/260x190/1630164.png
1642874,Danny Wolf,Nets,https://ak-static.cms.nba.com/wp-content/uploads/headshots/nba/latest/260x190/1642874.png
1627824,Guerschon Yabusele,Bulls,https://ak-static.cms.nba.com/wp-content/uploads/headshots/nba/latest/260x190/1627824.png
1642905,Yang Hansen,Trail Blazers,https://ak-static.cms.nba.com/wp-content/uploads/headshots/nba/latest/260x190/1642905.png
1642443,Jahmir Young,Heat,https://ak-static.cms.nba.com/wp-content/uploads/headshots/nba/latest/260x190/1642443.png
1629027,Trae Young,Wizards,https://ak-static.cms.nba.com/wp-content/uploads/headshots/nba/latest/260x190/1629027.png
1642959,Chris Youngblood,Trail Blazers,https://ak-static.cms.nba.com/wp-content/uploads/headshots/nba/latest/260x190/1642959.png
1630209,Omer Yurtseven,,https://ak-static.cms.nba.com/wp-content/uploads/headshots/nba/latest/260x190/1630209.png
1642911,Rocco Zikarsky,Timberwolves,https://ak-static.cms.nba.com/wp-content/uploads/headshots/nba/latest/260x190/1642911.png
1627826,Ivica Zubac,Pacers,https://ak-static.cms.nba.com/wp-content/uploads/headshots/nba/latest/260x190/1627826.png
1641783,Tristan da Silva,Magic,https://ak-static.cms.nba.com/wp-content/uploads/headshots/nba/latest/260x190/1641783.png
